{
  "required": true,
  "minVersion": "0.8",
  "package": "me.neptune.mixin",
  "compatibilityLevel": "JAVA_17",
  "mixins": [
	  "MixinLivingEntity",
	  "PlayerListEntryMixin"
  ],
  "client": [
	  "IClientWorld",
	  "IEntityVelocityUpdateS2CPacket",
	  "IExplosionS2CPacket",
	  "IPlayerMoveC2SPacket",
	  "IPlayerPositionLookS2CPacket",
	  "IEntity",
	  "IHeldItemRenderer",
	"AbstractBlockStateMixin",
	  "MixinFlowableFluid",
	  "MixinKeyboard",
	  "MixinEntity",
	  "MixinLivingEntityRenderer",
	  "MixinParticleManager",
	  "MixinWorld",
	  "MixinHeldItemRenderer",
	"AbstractSignEditScreenMixin",
	"BlockMixin",
	"BlockModelRendererMixin",
	"CactusBlockMixin",
	"ChatScreenMixin",
	"ChatInputSuggestorMixin",
	"ClientPlayerEntityMixin",
	"ClientPlayerInteractionManagerMixin",
	"ClientConnectionMixin",
	"FluidBlockMixin",
    "MixinGameRenderer",
	  "MixinInGameOverlayRenderer",
	"IngameHudMixin",
	"MouseMixin",
	"SimpleOptionMixin",
	"WorldRendererMixin",
	  "MinecraftClientMixin",
	  "MixinArmorFeatureRenderer",
	  "MixinBackgroundRenderer",
	"LightmapTextureManagerMixin",
	  "MixinClientPlayerInteractionManager",
	  "ILivingEntity",
	  "SplashTextResourceSupplierMixin"
  ],
	"injectors": {
    "defaultRequire": 1
  }
}
